year,mean_home_value
2017,3490314.7029768056
2018,3569984.547142719
2019,3442044.2083887854
2020,3504769.7908468624
2021,3408384.8629067363
2022,3544269.549304361
2023,3405865.7170817438
