year,mean_rent
2017,325.5653460782726
2018,346.5183655056136
2019,337.48650190114665
2020,344.67473485397784
2021,351.44849363772255
2022,384.4004530063325
2023,398.14025264596427
