mean_rent,mean_value,vacancy_rate,mean_income,mean_rooms
356.2602868110441,3479864.3366032275,0,594620.416596203,5.994645552086969
